iter	Logloss
0	0.6841644287
1	0.6759375763
2	0.6739286041
3	0.6724983215
4	0.6639593506
5	0.6588342285
6	0.651488266
7	0.6488545227
8	0.6436512756
9	0.6378928375
